"y","ind","cluster","period","period1","period2","treatment"
0,1,1,1,1,0,1
0,2,1,1,1,0,1
0,3,1,1,1,0,1
0,4,1,1,1,0,1
0,5,1,1,1,0,1
0,6,1,1,1,0,1
1,7,1,1,1,0,1
0,8,1,1,1,0,1
1,9,1,1,1,0,1
0,10,1,1,1,0,1
1,11,1,1,1,0,1
1,12,1,1,1,0,1
1,13,1,1,1,0,1
0,14,1,1,1,0,1
0,15,1,1,1,0,1
1,16,1,1,1,0,1
0,17,1,1,1,0,1
0,18,1,1,1,0,1
0,19,1,1,1,0,1
0,20,1,1,1,0,1
1,21,1,1,1,0,1
0,22,1,1,1,0,1
1,23,1,1,1,0,1
1,24,1,1,1,0,1
1,25,1,1,1,0,1
1,26,1,1,1,0,1
1,27,1,1,1,0,1
0,28,1,1,1,0,1
0,29,1,1,1,0,1
0,30,1,1,1,0,1
1,31,1,1,1,0,1
0,32,1,1,1,0,1
0,33,1,1,1,0,1
0,34,1,1,1,0,1
0,35,1,1,1,0,1
1,36,1,1,1,0,1
0,37,1,1,1,0,1
0,38,1,1,1,0,1
0,39,1,1,1,0,1
0,40,1,1,1,0,1
0,41,1,1,1,0,1
0,42,1,1,1,0,1
0,43,1,1,1,0,1
0,44,1,1,1,0,1
0,45,1,1,1,0,1
0,46,1,1,1,0,1
0,47,1,1,1,0,1
1,48,1,1,1,0,1
0,49,1,1,1,0,1
0,50,1,1,1,0,1
1,51,1,1,1,0,1
1,52,1,1,1,0,1
1,53,1,1,1,0,1
1,54,1,1,1,0,1
0,55,1,1,1,0,1
0,56,1,1,1,0,1
0,57,1,1,1,0,1
0,58,1,1,1,0,1
0,59,1,1,1,0,1
0,60,1,1,1,0,1
1,61,1,1,1,0,1
0,62,1,1,1,0,1
1,63,1,1,1,0,1
0,64,1,1,1,0,1
0,65,1,1,1,0,1
1,1,1,2,0,1,0
0,2,1,2,0,1,0
1,3,1,2,0,1,0
1,4,1,2,0,1,0
0,5,1,2,0,1,0
0,6,1,2,0,1,0
0,7,1,2,0,1,0
0,8,1,2,0,1,0
1,9,1,2,0,1,0
0,10,1,2,0,1,0
1,11,1,2,0,1,0
0,12,1,2,0,1,0
0,13,1,2,0,1,0
0,14,1,2,0,1,0
1,15,1,2,0,1,0
1,16,1,2,0,1,0
0,17,1,2,0,1,0
1,18,1,2,0,1,0
0,19,1,2,0,1,0
1,20,1,2,0,1,0
0,21,1,2,0,1,0
1,22,1,2,0,1,0
1,23,1,2,0,1,0
1,24,1,2,0,1,0
0,25,1,2,0,1,0
1,26,1,2,0,1,0
0,27,1,2,0,1,0
0,28,1,2,0,1,0
1,29,1,2,0,1,0
1,30,1,2,0,1,0
1,31,1,2,0,1,0
1,32,1,2,0,1,0
1,33,1,2,0,1,0
1,34,1,2,0,1,0
0,35,1,2,0,1,0
0,36,1,2,0,1,0
1,37,1,2,0,1,0
0,38,1,2,0,1,0
1,39,1,2,0,1,0
1,40,1,2,0,1,0
1,41,1,2,0,1,0
0,42,1,2,0,1,0
1,43,1,2,0,1,0
1,44,1,2,0,1,0
1,45,1,2,0,1,0
1,46,1,2,0,1,0
1,47,1,2,0,1,0
0,48,1,2,0,1,0
0,49,1,2,0,1,0
0,50,1,2,0,1,0
0,51,1,2,0,1,0
0,52,1,2,0,1,0
1,53,1,2,0,1,0
1,54,1,2,0,1,0
0,55,1,2,0,1,0
0,56,1,2,0,1,0
1,57,1,2,0,1,0
1,58,1,2,0,1,0
1,59,1,2,0,1,0
0,60,1,2,0,1,0
1,61,1,2,0,1,0
0,62,1,2,0,1,0
1,63,1,2,0,1,0
0,64,1,2,0,1,0
1,65,1,2,0,1,0
0,1,2,1,1,0,1
0,2,2,1,1,0,1
1,3,2,1,1,0,1
1,4,2,1,1,0,1
1,5,2,1,1,0,1
0,6,2,1,1,0,1
0,7,2,1,1,0,1
1,8,2,1,1,0,1
0,9,2,1,1,0,1
1,10,2,1,1,0,1
0,11,2,1,1,0,1
0,12,2,1,1,0,1
0,13,2,1,1,0,1
0,14,2,1,1,0,1
1,15,2,1,1,0,1
1,16,2,1,1,0,1
0,17,2,1,1,0,1
0,18,2,1,1,0,1
0,19,2,1,1,0,1
0,20,2,1,1,0,1
1,21,2,1,1,0,1
0,22,2,1,1,0,1
0,23,2,1,1,0,1
1,24,2,1,1,0,1
1,25,2,1,1,0,1
0,26,2,1,1,0,1
0,27,2,1,1,0,1
0,28,2,1,1,0,1
0,29,2,1,1,0,1
1,30,2,1,1,0,1
0,31,2,1,1,0,1
1,32,2,1,1,0,1
0,33,2,1,1,0,1
0,34,2,1,1,0,1
1,35,2,1,1,0,1
0,36,2,1,1,0,1
0,37,2,1,1,0,1
1,38,2,1,1,0,1
1,39,2,1,1,0,1
1,40,2,1,1,0,1
0,41,2,1,1,0,1
0,42,2,1,1,0,1
1,43,2,1,1,0,1
0,44,2,1,1,0,1
0,45,2,1,1,0,1
0,46,2,1,1,0,1
0,47,2,1,1,0,1
1,48,2,1,1,0,1
0,49,2,1,1,0,1
0,50,2,1,1,0,1
1,51,2,1,1,0,1
0,52,2,1,1,0,1
0,53,2,1,1,0,1
0,54,2,1,1,0,1
0,55,2,1,1,0,1
0,56,2,1,1,0,1
0,57,2,1,1,0,1
1,58,2,1,1,0,1
0,59,2,1,1,0,1
0,60,2,1,1,0,1
0,61,2,1,1,0,1
1,62,2,1,1,0,1
1,63,2,1,1,0,1
0,64,2,1,1,0,1
0,65,2,1,1,0,1
1,1,2,2,0,1,0
0,2,2,2,0,1,0
1,3,2,2,0,1,0
1,4,2,2,0,1,0
1,5,2,2,0,1,0
0,6,2,2,0,1,0
0,7,2,2,0,1,0
0,8,2,2,0,1,0
0,9,2,2,0,1,0
0,10,2,2,0,1,0
0,11,2,2,0,1,0
0,12,2,2,0,1,0
1,13,2,2,0,1,0
1,14,2,2,0,1,0
0,15,2,2,0,1,0
1,16,2,2,0,1,0
1,17,2,2,0,1,0
0,18,2,2,0,1,0
0,19,2,2,0,1,0
1,20,2,2,0,1,0
1,21,2,2,0,1,0
1,22,2,2,0,1,0
0,23,2,2,0,1,0
0,24,2,2,0,1,0
0,25,2,2,0,1,0
0,26,2,2,0,1,0
1,27,2,2,0,1,0
0,28,2,2,0,1,0
0,29,2,2,0,1,0
1,30,2,2,0,1,0
1,31,2,2,0,1,0
1,32,2,2,0,1,0
0,33,2,2,0,1,0
0,34,2,2,0,1,0
1,35,2,2,0,1,0
0,36,2,2,0,1,0
1,37,2,2,0,1,0
0,38,2,2,0,1,0
1,39,2,2,0,1,0
0,40,2,2,0,1,0
0,41,2,2,0,1,0
0,42,2,2,0,1,0
1,43,2,2,0,1,0
1,44,2,2,0,1,0
1,45,2,2,0,1,0
0,46,2,2,0,1,0
0,47,2,2,0,1,0
1,48,2,2,0,1,0
1,49,2,2,0,1,0
1,50,2,2,0,1,0
0,51,2,2,0,1,0
0,52,2,2,0,1,0
1,53,2,2,0,1,0
0,54,2,2,0,1,0
1,55,2,2,0,1,0
0,56,2,2,0,1,0
1,57,2,2,0,1,0
0,58,2,2,0,1,0
0,59,2,2,0,1,0
0,60,2,2,0,1,0
0,61,2,2,0,1,0
1,62,2,2,0,1,0
0,63,2,2,0,1,0
1,64,2,2,0,1,0
1,65,2,2,0,1,0
0,1,3,1,1,0,1
1,2,3,1,1,0,1
0,3,3,1,1,0,1
0,4,3,1,1,0,1
0,5,3,1,1,0,1
0,6,3,1,1,0,1
1,7,3,1,1,0,1
0,8,3,1,1,0,1
1,9,3,1,1,0,1
0,10,3,1,1,0,1
0,11,3,1,1,0,1
0,12,3,1,1,0,1
0,13,3,1,1,0,1
0,14,3,1,1,0,1
0,15,3,1,1,0,1
0,16,3,1,1,0,1
0,17,3,1,1,0,1
0,18,3,1,1,0,1
1,19,3,1,1,0,1
0,20,3,1,1,0,1
0,21,3,1,1,0,1
0,22,3,1,1,0,1
0,23,3,1,1,0,1
1,24,3,1,1,0,1
1,25,3,1,1,0,1
0,26,3,1,1,0,1
0,27,3,1,1,0,1
1,28,3,1,1,0,1
0,29,3,1,1,0,1
0,30,3,1,1,0,1
1,31,3,1,1,0,1
0,32,3,1,1,0,1
0,33,3,1,1,0,1
0,34,3,1,1,0,1
0,35,3,1,1,0,1
0,36,3,1,1,0,1
0,37,3,1,1,0,1
0,38,3,1,1,0,1
1,39,3,1,1,0,1
0,40,3,1,1,0,1
1,41,3,1,1,0,1
0,42,3,1,1,0,1
0,43,3,1,1,0,1
1,44,3,1,1,0,1
0,45,3,1,1,0,1
0,46,3,1,1,0,1
0,47,3,1,1,0,1
0,48,3,1,1,0,1
0,49,3,1,1,0,1
1,50,3,1,1,0,1
0,51,3,1,1,0,1
1,52,3,1,1,0,1
0,53,3,1,1,0,1
0,54,3,1,1,0,1
0,55,3,1,1,0,1
0,56,3,1,1,0,1
0,57,3,1,1,0,1
1,58,3,1,1,0,1
0,59,3,1,1,0,1
1,60,3,1,1,0,1
0,61,3,1,1,0,1
1,62,3,1,1,0,1
1,63,3,1,1,0,1
0,64,3,1,1,0,1
0,65,3,1,1,0,1
1,1,3,2,0,1,0
0,2,3,2,0,1,0
1,3,3,2,0,1,0
1,4,3,2,0,1,0
1,5,3,2,0,1,0
0,6,3,2,0,1,0
0,7,3,2,0,1,0
1,8,3,2,0,1,0
1,9,3,2,0,1,0
0,10,3,2,0,1,0
0,11,3,2,0,1,0
1,12,3,2,0,1,0
0,13,3,2,0,1,0
1,14,3,2,0,1,0
1,15,3,2,0,1,0
1,16,3,2,0,1,0
1,17,3,2,0,1,0
0,18,3,2,0,1,0
0,19,3,2,0,1,0
1,20,3,2,0,1,0
0,21,3,2,0,1,0
0,22,3,2,0,1,0
1,23,3,2,0,1,0
1,24,3,2,0,1,0
1,25,3,2,0,1,0
0,26,3,2,0,1,0
1,27,3,2,0,1,0
1,28,3,2,0,1,0
0,29,3,2,0,1,0
0,30,3,2,0,1,0
0,31,3,2,0,1,0
1,32,3,2,0,1,0
1,33,3,2,0,1,0
0,34,3,2,0,1,0
0,35,3,2,0,1,0
0,36,3,2,0,1,0
1,37,3,2,0,1,0
1,38,3,2,0,1,0
0,39,3,2,0,1,0
1,40,3,2,0,1,0
0,41,3,2,0,1,0
0,42,3,2,0,1,0
1,43,3,2,0,1,0
0,44,3,2,0,1,0
1,45,3,2,0,1,0
0,46,3,2,0,1,0
1,47,3,2,0,1,0
1,48,3,2,0,1,0
0,49,3,2,0,1,0
0,50,3,2,0,1,0
0,51,3,2,0,1,0
1,52,3,2,0,1,0
0,53,3,2,0,1,0
1,54,3,2,0,1,0
1,55,3,2,0,1,0
0,56,3,2,0,1,0
1,57,3,2,0,1,0
0,58,3,2,0,1,0
0,59,3,2,0,1,0
1,60,3,2,0,1,0
0,61,3,2,0,1,0
1,62,3,2,0,1,0
1,63,3,2,0,1,0
1,64,3,2,0,1,0
1,65,3,2,0,1,0
1,1,4,1,1,0,1
1,2,4,1,1,0,1
0,3,4,1,1,0,1
0,4,4,1,1,0,1
1,5,4,1,1,0,1
1,6,4,1,1,0,1
1,7,4,1,1,0,1
1,8,4,1,1,0,1
1,9,4,1,1,0,1
1,10,4,1,1,0,1
1,11,4,1,1,0,1
0,12,4,1,1,0,1
0,13,4,1,1,0,1
1,14,4,1,1,0,1
0,15,4,1,1,0,1
0,16,4,1,1,0,1
1,17,4,1,1,0,1
1,18,4,1,1,0,1
1,19,4,1,1,0,1
1,20,4,1,1,0,1
1,21,4,1,1,0,1
1,22,4,1,1,0,1
1,23,4,1,1,0,1
1,24,4,1,1,0,1
1,25,4,1,1,0,1
1,26,4,1,1,0,1
1,27,4,1,1,0,1
1,28,4,1,1,0,1
1,29,4,1,1,0,1
0,30,4,1,1,0,1
1,31,4,1,1,0,1
0,32,4,1,1,0,1
1,33,4,1,1,0,1
1,34,4,1,1,0,1
0,35,4,1,1,0,1
0,36,4,1,1,0,1
1,37,4,1,1,0,1
1,38,4,1,1,0,1
1,39,4,1,1,0,1
1,40,4,1,1,0,1
0,41,4,1,1,0,1
1,42,4,1,1,0,1
1,43,4,1,1,0,1
1,44,4,1,1,0,1
1,45,4,1,1,0,1
1,46,4,1,1,0,1
1,47,4,1,1,0,1
0,48,4,1,1,0,1
1,49,4,1,1,0,1
1,50,4,1,1,0,1
1,51,4,1,1,0,1
1,52,4,1,1,0,1
0,53,4,1,1,0,1
1,54,4,1,1,0,1
0,55,4,1,1,0,1
1,56,4,1,1,0,1
1,57,4,1,1,0,1
1,58,4,1,1,0,1
0,59,4,1,1,0,1
1,60,4,1,1,0,1
1,61,4,1,1,0,1
1,62,4,1,1,0,1
1,63,4,1,1,0,1
0,64,4,1,1,0,1
1,65,4,1,1,0,1
1,1,4,2,0,1,0
0,2,4,2,0,1,0
0,3,4,2,0,1,0
0,4,4,2,0,1,0
1,5,4,2,0,1,0
1,6,4,2,0,1,0
0,7,4,2,0,1,0
0,8,4,2,0,1,0
1,9,4,2,0,1,0
1,10,4,2,0,1,0
1,11,4,2,0,1,0
1,12,4,2,0,1,0
1,13,4,2,0,1,0
1,14,4,2,0,1,0
0,15,4,2,0,1,0
0,16,4,2,0,1,0
0,17,4,2,0,1,0
0,18,4,2,0,1,0
1,19,4,2,0,1,0
0,20,4,2,0,1,0
0,21,4,2,0,1,0
0,22,4,2,0,1,0
0,23,4,2,0,1,0
0,24,4,2,0,1,0
1,25,4,2,0,1,0
0,26,4,2,0,1,0
0,27,4,2,0,1,0
0,28,4,2,0,1,0
0,29,4,2,0,1,0
1,30,4,2,0,1,0
1,31,4,2,0,1,0
1,32,4,2,0,1,0
0,33,4,2,0,1,0
0,34,4,2,0,1,0
0,35,4,2,0,1,0
0,36,4,2,0,1,0
0,37,4,2,0,1,0
0,38,4,2,0,1,0
0,39,4,2,0,1,0
1,40,4,2,0,1,0
1,41,4,2,0,1,0
0,42,4,2,0,1,0
0,43,4,2,0,1,0
0,44,4,2,0,1,0
1,45,4,2,0,1,0
0,46,4,2,0,1,0
1,47,4,2,0,1,0
0,48,4,2,0,1,0
1,49,4,2,0,1,0
0,50,4,2,0,1,0
1,51,4,2,0,1,0
0,52,4,2,0,1,0
1,53,4,2,0,1,0
0,54,4,2,0,1,0
1,55,4,2,0,1,0
0,56,4,2,0,1,0
1,57,4,2,0,1,0
1,58,4,2,0,1,0
1,59,4,2,0,1,0
1,60,4,2,0,1,0
0,61,4,2,0,1,0
1,62,4,2,0,1,0
0,63,4,2,0,1,0
0,64,4,2,0,1,0
1,65,4,2,0,1,0
0,1,5,1,1,0,1
0,2,5,1,1,0,1
0,3,5,1,1,0,1
0,4,5,1,1,0,1
1,5,5,1,1,0,1
1,6,5,1,1,0,1
0,7,5,1,1,0,1
0,8,5,1,1,0,1
0,9,5,1,1,0,1
1,10,5,1,1,0,1
1,11,5,1,1,0,1
0,12,5,1,1,0,1
0,13,5,1,1,0,1
0,14,5,1,1,0,1
0,15,5,1,1,0,1
0,16,5,1,1,0,1
1,17,5,1,1,0,1
0,18,5,1,1,0,1
0,19,5,1,1,0,1
1,20,5,1,1,0,1
1,21,5,1,1,0,1
1,22,5,1,1,0,1
0,23,5,1,1,0,1
0,24,5,1,1,0,1
0,25,5,1,1,0,1
0,26,5,1,1,0,1
0,27,5,1,1,0,1
0,28,5,1,1,0,1
0,29,5,1,1,0,1
1,30,5,1,1,0,1
1,31,5,1,1,0,1
0,32,5,1,1,0,1
0,33,5,1,1,0,1
0,34,5,1,1,0,1
0,35,5,1,1,0,1
1,36,5,1,1,0,1
0,37,5,1,1,0,1
0,38,5,1,1,0,1
0,39,5,1,1,0,1
0,40,5,1,1,0,1
0,41,5,1,1,0,1
0,42,5,1,1,0,1
1,43,5,1,1,0,1
1,44,5,1,1,0,1
1,45,5,1,1,0,1
0,46,5,1,1,0,1
0,47,5,1,1,0,1
1,48,5,1,1,0,1
1,49,5,1,1,0,1
1,50,5,1,1,0,1
0,51,5,1,1,0,1
1,52,5,1,1,0,1
0,53,5,1,1,0,1
0,54,5,1,1,0,1
1,55,5,1,1,0,1
0,56,5,1,1,0,1
0,57,5,1,1,0,1
0,58,5,1,1,0,1
1,59,5,1,1,0,1
0,60,5,1,1,0,1
1,61,5,1,1,0,1
0,62,5,1,1,0,1
1,63,5,1,1,0,1
1,64,5,1,1,0,1
0,65,5,1,1,0,1
0,1,5,2,0,1,0
0,2,5,2,0,1,0
0,3,5,2,0,1,0
0,4,5,2,0,1,0
0,5,5,2,0,1,0
0,6,5,2,0,1,0
0,7,5,2,0,1,0
0,8,5,2,0,1,0
0,9,5,2,0,1,0
0,10,5,2,0,1,0
0,11,5,2,0,1,0
0,12,5,2,0,1,0
1,13,5,2,0,1,0
0,14,5,2,0,1,0
0,15,5,2,0,1,0
0,16,5,2,0,1,0
0,17,5,2,0,1,0
1,18,5,2,0,1,0
0,19,5,2,0,1,0
0,20,5,2,0,1,0
0,21,5,2,0,1,0
0,22,5,2,0,1,0
0,23,5,2,0,1,0
0,24,5,2,0,1,0
1,25,5,2,0,1,0
0,26,5,2,0,1,0
0,27,5,2,0,1,0
0,28,5,2,0,1,0
0,29,5,2,0,1,0
0,30,5,2,0,1,0
1,31,5,2,0,1,0
0,32,5,2,0,1,0
0,33,5,2,0,1,0
0,34,5,2,0,1,0
0,35,5,2,0,1,0
0,36,5,2,0,1,0
0,37,5,2,0,1,0
0,38,5,2,0,1,0
0,39,5,2,0,1,0
1,40,5,2,0,1,0
1,41,5,2,0,1,0
0,42,5,2,0,1,0
0,43,5,2,0,1,0
1,44,5,2,0,1,0
0,45,5,2,0,1,0
0,46,5,2,0,1,0
0,47,5,2,0,1,0
0,48,5,2,0,1,0
0,49,5,2,0,1,0
1,50,5,2,0,1,0
0,51,5,2,0,1,0
0,52,5,2,0,1,0
0,53,5,2,0,1,0
0,54,5,2,0,1,0
1,55,5,2,0,1,0
0,56,5,2,0,1,0
0,57,5,2,0,1,0
0,58,5,2,0,1,0
0,59,5,2,0,1,0
1,60,5,2,0,1,0
0,61,5,2,0,1,0
0,62,5,2,0,1,0
0,63,5,2,0,1,0
0,64,5,2,0,1,0
0,65,5,2,0,1,0
1,1,6,1,1,0,1
0,2,6,1,1,0,1
0,3,6,1,1,0,1
1,4,6,1,1,0,1
1,5,6,1,1,0,1
1,6,6,1,1,0,1
0,7,6,1,1,0,1
0,8,6,1,1,0,1
1,9,6,1,1,0,1
0,10,6,1,1,0,1
1,11,6,1,1,0,1
1,12,6,1,1,0,1
1,13,6,1,1,0,1
1,14,6,1,1,0,1
0,15,6,1,1,0,1
1,16,6,1,1,0,1
1,17,6,1,1,0,1
1,18,6,1,1,0,1
1,19,6,1,1,0,1
0,20,6,1,1,0,1
0,21,6,1,1,0,1
0,22,6,1,1,0,1
0,23,6,1,1,0,1
0,24,6,1,1,0,1
1,25,6,1,1,0,1
0,26,6,1,1,0,1
1,27,6,1,1,0,1
1,28,6,1,1,0,1
1,29,6,1,1,0,1
1,30,6,1,1,0,1
0,31,6,1,1,0,1
1,32,6,1,1,0,1
0,33,6,1,1,0,1
1,34,6,1,1,0,1
1,35,6,1,1,0,1
1,36,6,1,1,0,1
0,37,6,1,1,0,1
1,38,6,1,1,0,1
1,39,6,1,1,0,1
0,40,6,1,1,0,1
1,41,6,1,1,0,1
1,42,6,1,1,0,1
0,43,6,1,1,0,1
1,44,6,1,1,0,1
1,45,6,1,1,0,1
1,46,6,1,1,0,1
0,47,6,1,1,0,1
0,48,6,1,1,0,1
0,49,6,1,1,0,1
0,50,6,1,1,0,1
0,51,6,1,1,0,1
1,52,6,1,1,0,1
1,53,6,1,1,0,1
1,54,6,1,1,0,1
0,55,6,1,1,0,1
1,56,6,1,1,0,1
1,57,6,1,1,0,1
1,58,6,1,1,0,1
1,59,6,1,1,0,1
0,60,6,1,1,0,1
1,61,6,1,1,0,1
1,62,6,1,1,0,1
0,63,6,1,1,0,1
1,64,6,1,1,0,1
0,65,6,1,1,0,1
1,1,6,2,0,1,0
0,2,6,2,0,1,0
1,3,6,2,0,1,0
1,4,6,2,0,1,0
1,5,6,2,0,1,0
0,6,6,2,0,1,0
1,7,6,2,0,1,0
0,8,6,2,0,1,0
0,9,6,2,0,1,0
0,10,6,2,0,1,0
0,11,6,2,0,1,0
1,12,6,2,0,1,0
1,13,6,2,0,1,0
1,14,6,2,0,1,0
0,15,6,2,0,1,0
1,16,6,2,0,1,0
1,17,6,2,0,1,0
1,18,6,2,0,1,0
0,19,6,2,0,1,0
0,20,6,2,0,1,0
1,21,6,2,0,1,0
1,22,6,2,0,1,0
1,23,6,2,0,1,0
1,24,6,2,0,1,0
1,25,6,2,0,1,0
0,26,6,2,0,1,0
1,27,6,2,0,1,0
0,28,6,2,0,1,0
0,29,6,2,0,1,0
1,30,6,2,0,1,0
1,31,6,2,0,1,0
1,32,6,2,0,1,0
0,33,6,2,0,1,0
1,34,6,2,0,1,0
1,35,6,2,0,1,0
1,36,6,2,0,1,0
1,37,6,2,0,1,0
1,38,6,2,0,1,0
1,39,6,2,0,1,0
1,40,6,2,0,1,0
1,41,6,2,0,1,0
1,42,6,2,0,1,0
0,43,6,2,0,1,0
1,44,6,2,0,1,0
1,45,6,2,0,1,0
1,46,6,2,0,1,0
0,47,6,2,0,1,0
1,48,6,2,0,1,0
1,49,6,2,0,1,0
1,50,6,2,0,1,0
0,51,6,2,0,1,0
1,52,6,2,0,1,0
1,53,6,2,0,1,0
1,54,6,2,0,1,0
1,55,6,2,0,1,0
0,56,6,2,0,1,0
0,57,6,2,0,1,0
1,58,6,2,0,1,0
0,59,6,2,0,1,0
1,60,6,2,0,1,0
1,61,6,2,0,1,0
1,62,6,2,0,1,0
1,63,6,2,0,1,0
0,64,6,2,0,1,0
0,65,6,2,0,1,0
0,1,7,1,1,0,1
1,2,7,1,1,0,1
0,3,7,1,1,0,1
0,4,7,1,1,0,1
1,5,7,1,1,0,1
0,6,7,1,1,0,1
1,7,7,1,1,0,1
0,8,7,1,1,0,1
0,9,7,1,1,0,1
1,10,7,1,1,0,1
0,11,7,1,1,0,1
0,12,7,1,1,0,1
1,13,7,1,1,0,1
0,14,7,1,1,0,1
0,15,7,1,1,0,1
0,16,7,1,1,0,1
1,17,7,1,1,0,1
0,18,7,1,1,0,1
1,19,7,1,1,0,1
0,20,7,1,1,0,1
0,21,7,1,1,0,1
1,22,7,1,1,0,1
1,23,7,1,1,0,1
0,24,7,1,1,0,1
0,25,7,1,1,0,1
0,26,7,1,1,0,1
0,27,7,1,1,0,1
1,28,7,1,1,0,1
1,29,7,1,1,0,1
1,30,7,1,1,0,1
0,31,7,1,1,0,1
1,32,7,1,1,0,1
1,33,7,1,1,0,1
0,34,7,1,1,0,1
0,35,7,1,1,0,1
0,36,7,1,1,0,1
0,37,7,1,1,0,1
1,38,7,1,1,0,1
1,39,7,1,1,0,1
1,40,7,1,1,0,1
0,41,7,1,1,0,1
1,42,7,1,1,0,1
0,43,7,1,1,0,1
0,44,7,1,1,0,1
1,45,7,1,1,0,1
0,46,7,1,1,0,1
0,47,7,1,1,0,1
0,48,7,1,1,0,1
0,49,7,1,1,0,1
1,50,7,1,1,0,1
0,51,7,1,1,0,1
1,52,7,1,1,0,1
1,53,7,1,1,0,1
1,54,7,1,1,0,1
1,55,7,1,1,0,1
1,56,7,1,1,0,1
0,57,7,1,1,0,1
0,58,7,1,1,0,1
1,59,7,1,1,0,1
1,60,7,1,1,0,1
0,61,7,1,1,0,1
0,62,7,1,1,0,1
0,63,7,1,1,0,1
1,64,7,1,1,0,1
0,65,7,1,1,0,1
0,1,7,2,0,1,0
0,2,7,2,0,1,0
1,3,7,2,0,1,0
1,4,7,2,0,1,0
0,5,7,2,0,1,0
0,6,7,2,0,1,0
0,7,7,2,0,1,0
0,8,7,2,0,1,0
0,9,7,2,0,1,0
1,10,7,2,0,1,0
0,11,7,2,0,1,0
0,12,7,2,0,1,0
0,13,7,2,0,1,0
0,14,7,2,0,1,0
0,15,7,2,0,1,0
0,16,7,2,0,1,0
0,17,7,2,0,1,0
0,18,7,2,0,1,0
0,19,7,2,0,1,0
0,20,7,2,0,1,0
0,21,7,2,0,1,0
0,22,7,2,0,1,0
0,23,7,2,0,1,0
0,24,7,2,0,1,0
0,25,7,2,0,1,0
0,26,7,2,0,1,0
1,27,7,2,0,1,0
1,28,7,2,0,1,0
0,29,7,2,0,1,0
1,30,7,2,0,1,0
0,31,7,2,0,1,0
0,32,7,2,0,1,0
0,33,7,2,0,1,0
0,34,7,2,0,1,0
0,35,7,2,0,1,0
0,36,7,2,0,1,0
0,37,7,2,0,1,0
1,38,7,2,0,1,0
0,39,7,2,0,1,0
0,40,7,2,0,1,0
0,41,7,2,0,1,0
0,42,7,2,0,1,0
0,43,7,2,0,1,0
0,44,7,2,0,1,0
0,45,7,2,0,1,0
0,46,7,2,0,1,0
0,47,7,2,0,1,0
0,48,7,2,0,1,0
0,49,7,2,0,1,0
0,50,7,2,0,1,0
0,51,7,2,0,1,0
0,52,7,2,0,1,0
0,53,7,2,0,1,0
0,54,7,2,0,1,0
0,55,7,2,0,1,0
0,56,7,2,0,1,0
0,57,7,2,0,1,0
0,58,7,2,0,1,0
0,59,7,2,0,1,0
0,60,7,2,0,1,0
0,61,7,2,0,1,0
0,62,7,2,0,1,0
0,63,7,2,0,1,0
0,64,7,2,0,1,0
0,65,7,2,0,1,0
0,1,8,1,1,0,1
0,2,8,1,1,0,1
1,3,8,1,1,0,1
0,4,8,1,1,0,1
0,5,8,1,1,0,1
0,6,8,1,1,0,1
0,7,8,1,1,0,1
1,8,8,1,1,0,1
0,9,8,1,1,0,1
0,10,8,1,1,0,1
1,11,8,1,1,0,1
1,12,8,1,1,0,1
1,13,8,1,1,0,1
0,14,8,1,1,0,1
1,15,8,1,1,0,1
1,16,8,1,1,0,1
0,17,8,1,1,0,1
1,18,8,1,1,0,1
0,19,8,1,1,0,1
0,20,8,1,1,0,1
1,21,8,1,1,0,1
0,22,8,1,1,0,1
1,23,8,1,1,0,1
0,24,8,1,1,0,1
0,25,8,1,1,0,1
1,26,8,1,1,0,1
1,27,8,1,1,0,1
0,28,8,1,1,0,1
0,29,8,1,1,0,1
0,30,8,1,1,0,1
0,31,8,1,1,0,1
1,32,8,1,1,0,1
1,33,8,1,1,0,1
0,34,8,1,1,0,1
1,35,8,1,1,0,1
0,36,8,1,1,0,1
0,37,8,1,1,0,1
1,38,8,1,1,0,1
0,39,8,1,1,0,1
0,40,8,1,1,0,1
1,41,8,1,1,0,1
0,42,8,1,1,0,1
1,43,8,1,1,0,1
1,44,8,1,1,0,1
0,45,8,1,1,0,1
0,46,8,1,1,0,1
0,47,8,1,1,0,1
0,48,8,1,1,0,1
0,49,8,1,1,0,1
0,50,8,1,1,0,1
0,51,8,1,1,0,1
0,52,8,1,1,0,1
1,53,8,1,1,0,1
0,54,8,1,1,0,1
1,55,8,1,1,0,1
0,56,8,1,1,0,1
1,57,8,1,1,0,1
0,58,8,1,1,0,1
1,59,8,1,1,0,1
1,60,8,1,1,0,1
0,61,8,1,1,0,1
1,62,8,1,1,0,1
0,63,8,1,1,0,1
1,64,8,1,1,0,1
0,65,8,1,1,0,1
1,1,8,2,0,1,0
1,2,8,2,0,1,0
1,3,8,2,0,1,0
0,4,8,2,0,1,0
1,5,8,2,0,1,0
1,6,8,2,0,1,0
0,7,8,2,0,1,0
1,8,8,2,0,1,0
1,9,8,2,0,1,0
0,10,8,2,0,1,0
1,11,8,2,0,1,0
0,12,8,2,0,1,0
1,13,8,2,0,1,0
0,14,8,2,0,1,0
0,15,8,2,0,1,0
0,16,8,2,0,1,0
1,17,8,2,0,1,0
1,18,8,2,0,1,0
0,19,8,2,0,1,0
1,20,8,2,0,1,0
1,21,8,2,0,1,0
0,22,8,2,0,1,0
1,23,8,2,0,1,0
0,24,8,2,0,1,0
0,25,8,2,0,1,0
1,26,8,2,0,1,0
1,27,8,2,0,1,0
0,28,8,2,0,1,0
1,29,8,2,0,1,0
1,30,8,2,0,1,0
1,31,8,2,0,1,0
1,32,8,2,0,1,0
0,33,8,2,0,1,0
0,34,8,2,0,1,0
1,35,8,2,0,1,0
0,36,8,2,0,1,0
1,37,8,2,0,1,0
1,38,8,2,0,1,0
1,39,8,2,0,1,0
0,40,8,2,0,1,0
1,41,8,2,0,1,0
1,42,8,2,0,1,0
0,43,8,2,0,1,0
0,44,8,2,0,1,0
1,45,8,2,0,1,0
1,46,8,2,0,1,0
0,47,8,2,0,1,0
0,48,8,2,0,1,0
1,49,8,2,0,1,0
0,50,8,2,0,1,0
1,51,8,2,0,1,0
1,52,8,2,0,1,0
1,53,8,2,0,1,0
1,54,8,2,0,1,0
1,55,8,2,0,1,0
1,56,8,2,0,1,0
1,57,8,2,0,1,0
1,58,8,2,0,1,0
0,59,8,2,0,1,0
0,60,8,2,0,1,0
1,61,8,2,0,1,0
1,62,8,2,0,1,0
0,63,8,2,0,1,0
0,64,8,2,0,1,0
1,65,8,2,0,1,0
0,1,9,1,1,0,1
0,2,9,1,1,0,1
0,3,9,1,1,0,1
1,4,9,1,1,0,1
1,5,9,1,1,0,1
0,6,9,1,1,0,1
0,7,9,1,1,0,1
0,8,9,1,1,0,1
0,9,9,1,1,0,1
1,10,9,1,1,0,1
1,11,9,1,1,0,1
1,12,9,1,1,0,1
0,13,9,1,1,0,1
0,14,9,1,1,0,1
0,15,9,1,1,0,1
0,16,9,1,1,0,1
0,17,9,1,1,0,1
0,18,9,1,1,0,1
0,19,9,1,1,0,1
1,20,9,1,1,0,1
0,21,9,1,1,0,1
0,22,9,1,1,0,1
0,23,9,1,1,0,1
0,24,9,1,1,0,1
0,25,9,1,1,0,1
0,26,9,1,1,0,1
1,27,9,1,1,0,1
1,28,9,1,1,0,1
0,29,9,1,1,0,1
1,30,9,1,1,0,1
1,31,9,1,1,0,1
0,32,9,1,1,0,1
1,33,9,1,1,0,1
0,34,9,1,1,0,1
0,35,9,1,1,0,1
1,36,9,1,1,0,1
0,37,9,1,1,0,1
1,38,9,1,1,0,1
0,39,9,1,1,0,1
0,40,9,1,1,0,1
0,41,9,1,1,0,1
0,42,9,1,1,0,1
0,43,9,1,1,0,1
0,44,9,1,1,0,1
0,45,9,1,1,0,1
0,46,9,1,1,0,1
0,47,9,1,1,0,1
0,48,9,1,1,0,1
0,49,9,1,1,0,1
0,50,9,1,1,0,1
0,51,9,1,1,0,1
0,52,9,1,1,0,1
0,53,9,1,1,0,1
0,54,9,1,1,0,1
1,55,9,1,1,0,1
0,56,9,1,1,0,1
0,57,9,1,1,0,1
0,58,9,1,1,0,1
1,59,9,1,1,0,1
0,60,9,1,1,0,1
1,61,9,1,1,0,1
1,62,9,1,1,0,1
0,63,9,1,1,0,1
0,64,9,1,1,0,1
0,65,9,1,1,0,1
0,1,9,2,0,1,0
1,2,9,2,0,1,0
1,3,9,2,0,1,0
0,4,9,2,0,1,0
0,5,9,2,0,1,0
0,6,9,2,0,1,0
0,7,9,2,0,1,0
1,8,9,2,0,1,0
0,9,9,2,0,1,0
0,10,9,2,0,1,0
0,11,9,2,0,1,0
0,12,9,2,0,1,0
0,13,9,2,0,1,0
0,14,9,2,0,1,0
0,15,9,2,0,1,0
0,16,9,2,0,1,0
0,17,9,2,0,1,0
0,18,9,2,0,1,0
0,19,9,2,0,1,0
0,20,9,2,0,1,0
0,21,9,2,0,1,0
0,22,9,2,0,1,0
0,23,9,2,0,1,0
1,24,9,2,0,1,0
0,25,9,2,0,1,0
0,26,9,2,0,1,0
0,27,9,2,0,1,0
0,28,9,2,0,1,0
1,29,9,2,0,1,0
0,30,9,2,0,1,0
1,31,9,2,0,1,0
0,32,9,2,0,1,0
0,33,9,2,0,1,0
1,34,9,2,0,1,0
0,35,9,2,0,1,0
1,36,9,2,0,1,0
1,37,9,2,0,1,0
0,38,9,2,0,1,0
1,39,9,2,0,1,0
0,40,9,2,0,1,0
0,41,9,2,0,1,0
1,42,9,2,0,1,0
0,43,9,2,0,1,0
0,44,9,2,0,1,0
0,45,9,2,0,1,0
0,46,9,2,0,1,0
0,47,9,2,0,1,0
0,48,9,2,0,1,0
0,49,9,2,0,1,0
1,50,9,2,0,1,0
1,51,9,2,0,1,0
0,52,9,2,0,1,0
1,53,9,2,0,1,0
0,54,9,2,0,1,0
0,55,9,2,0,1,0
0,56,9,2,0,1,0
0,57,9,2,0,1,0
0,58,9,2,0,1,0
1,59,9,2,0,1,0
0,60,9,2,0,1,0
0,61,9,2,0,1,0
0,62,9,2,0,1,0
0,63,9,2,0,1,0
0,64,9,2,0,1,0
0,65,9,2,0,1,0
0,1,10,1,1,0,1
0,2,10,1,1,0,1
1,3,10,1,1,0,1
0,4,10,1,1,0,1
1,5,10,1,1,0,1
1,6,10,1,1,0,1
1,7,10,1,1,0,1
1,8,10,1,1,0,1
1,9,10,1,1,0,1
1,10,10,1,1,0,1
1,11,10,1,1,0,1
0,12,10,1,1,0,1
0,13,10,1,1,0,1
1,14,10,1,1,0,1
0,15,10,1,1,0,1
1,16,10,1,1,0,1
0,17,10,1,1,0,1
0,18,10,1,1,0,1
1,19,10,1,1,0,1
1,20,10,1,1,0,1
0,21,10,1,1,0,1
0,22,10,1,1,0,1
1,23,10,1,1,0,1
0,24,10,1,1,0,1
0,25,10,1,1,0,1
0,26,10,1,1,0,1
0,27,10,1,1,0,1
1,28,10,1,1,0,1
0,29,10,1,1,0,1
1,30,10,1,1,0,1
1,31,10,1,1,0,1
1,32,10,1,1,0,1
0,33,10,1,1,0,1
1,34,10,1,1,0,1
1,35,10,1,1,0,1
1,36,10,1,1,0,1
0,37,10,1,1,0,1
1,38,10,1,1,0,1
0,39,10,1,1,0,1
1,40,10,1,1,0,1
0,41,10,1,1,0,1
1,42,10,1,1,0,1
1,43,10,1,1,0,1
0,44,10,1,1,0,1
1,45,10,1,1,0,1
0,46,10,1,1,0,1
1,47,10,1,1,0,1
1,48,10,1,1,0,1
1,49,10,1,1,0,1
0,50,10,1,1,0,1
0,51,10,1,1,0,1
1,52,10,1,1,0,1
1,53,10,1,1,0,1
0,54,10,1,1,0,1
0,55,10,1,1,0,1
0,56,10,1,1,0,1
1,57,10,1,1,0,1
0,58,10,1,1,0,1
0,59,10,1,1,0,1
0,60,10,1,1,0,1
0,61,10,1,1,0,1
0,62,10,1,1,0,1
1,63,10,1,1,0,1
1,64,10,1,1,0,1
1,65,10,1,1,0,1
1,1,10,2,0,1,0
1,2,10,2,0,1,0
0,3,10,2,0,1,0
1,4,10,2,0,1,0
1,5,10,2,0,1,0
1,6,10,2,0,1,0
1,7,10,2,0,1,0
1,8,10,2,0,1,0
1,9,10,2,0,1,0
1,10,10,2,0,1,0
1,11,10,2,0,1,0
1,12,10,2,0,1,0
1,13,10,2,0,1,0
0,14,10,2,0,1,0
1,15,10,2,0,1,0
0,16,10,2,0,1,0
1,17,10,2,0,1,0
1,18,10,2,0,1,0
1,19,10,2,0,1,0
1,20,10,2,0,1,0
0,21,10,2,0,1,0
1,22,10,2,0,1,0
1,23,10,2,0,1,0
1,24,10,2,0,1,0
1,25,10,2,0,1,0
1,26,10,2,0,1,0
1,27,10,2,0,1,0
1,28,10,2,0,1,0
0,29,10,2,0,1,0
0,30,10,2,0,1,0
1,31,10,2,0,1,0
1,32,10,2,0,1,0
1,33,10,2,0,1,0
0,34,10,2,0,1,0
1,35,10,2,0,1,0
0,36,10,2,0,1,0
1,37,10,2,0,1,0
0,38,10,2,0,1,0
1,39,10,2,0,1,0
1,40,10,2,0,1,0
1,41,10,2,0,1,0
1,42,10,2,0,1,0
1,43,10,2,0,1,0
1,44,10,2,0,1,0
0,45,10,2,0,1,0
1,46,10,2,0,1,0
1,47,10,2,0,1,0
1,48,10,2,0,1,0
0,49,10,2,0,1,0
1,50,10,2,0,1,0
1,51,10,2,0,1,0
0,52,10,2,0,1,0
1,53,10,2,0,1,0
0,54,10,2,0,1,0
1,55,10,2,0,1,0
1,56,10,2,0,1,0
0,57,10,2,0,1,0
0,58,10,2,0,1,0
0,59,10,2,0,1,0
1,60,10,2,0,1,0
1,61,10,2,0,1,0
1,62,10,2,0,1,0
0,63,10,2,0,1,0
1,64,10,2,0,1,0
1,65,10,2,0,1,0
1,1,11,1,1,0,0
0,2,11,1,1,0,0
0,3,11,1,1,0,0
1,4,11,1,1,0,0
1,5,11,1,1,0,0
0,6,11,1,1,0,0
0,7,11,1,1,0,0
1,8,11,1,1,0,0
1,9,11,1,1,0,0
1,10,11,1,1,0,0
1,11,11,1,1,0,0
0,12,11,1,1,0,0
0,13,11,1,1,0,0
1,14,11,1,1,0,0
0,15,11,1,1,0,0
0,16,11,1,1,0,0
1,17,11,1,1,0,0
0,18,11,1,1,0,0
0,19,11,1,1,0,0
1,20,11,1,1,0,0
0,21,11,1,1,0,0
1,22,11,1,1,0,0
0,23,11,1,1,0,0
0,24,11,1,1,0,0
0,25,11,1,1,0,0
1,26,11,1,1,0,0
0,27,11,1,1,0,0
0,28,11,1,1,0,0
1,29,11,1,1,0,0
0,30,11,1,1,0,0
1,31,11,1,1,0,0
0,32,11,1,1,0,0
1,33,11,1,1,0,0
1,34,11,1,1,0,0
1,35,11,1,1,0,0
0,36,11,1,1,0,0
1,37,11,1,1,0,0
0,38,11,1,1,0,0
0,39,11,1,1,0,0
1,40,11,1,1,0,0
1,41,11,1,1,0,0
0,42,11,1,1,0,0
1,43,11,1,1,0,0
0,44,11,1,1,0,0
1,45,11,1,1,0,0
0,46,11,1,1,0,0
1,47,11,1,1,0,0
1,48,11,1,1,0,0
0,49,11,1,1,0,0
0,50,11,1,1,0,0
0,51,11,1,1,0,0
0,52,11,1,1,0,0
0,53,11,1,1,0,0
1,54,11,1,1,0,0
0,55,11,1,1,0,0
1,56,11,1,1,0,0
0,57,11,1,1,0,0
1,58,11,1,1,0,0
1,59,11,1,1,0,0
1,60,11,1,1,0,0
1,61,11,1,1,0,0
1,62,11,1,1,0,0
1,63,11,1,1,0,0
1,64,11,1,1,0,0
1,65,11,1,1,0,0
0,1,11,2,0,1,1
0,2,11,2,0,1,1
0,3,11,2,0,1,1
0,4,11,2,0,1,1
0,5,11,2,0,1,1
1,6,11,2,0,1,1
0,7,11,2,0,1,1
0,8,11,2,0,1,1
1,9,11,2,0,1,1
0,10,11,2,0,1,1
0,11,11,2,0,1,1
0,12,11,2,0,1,1
0,13,11,2,0,1,1
1,14,11,2,0,1,1
0,15,11,2,0,1,1
1,16,11,2,0,1,1
1,17,11,2,0,1,1
1,18,11,2,0,1,1
0,19,11,2,0,1,1
1,20,11,2,0,1,1
1,21,11,2,0,1,1
1,22,11,2,0,1,1
1,23,11,2,0,1,1
0,24,11,2,0,1,1
0,25,11,2,0,1,1
0,26,11,2,0,1,1
0,27,11,2,0,1,1
1,28,11,2,0,1,1
1,29,11,2,0,1,1
1,30,11,2,0,1,1
0,31,11,2,0,1,1
1,32,11,2,0,1,1
0,33,11,2,0,1,1
1,34,11,2,0,1,1
0,35,11,2,0,1,1
1,36,11,2,0,1,1
0,37,11,2,0,1,1
0,38,11,2,0,1,1
0,39,11,2,0,1,1
0,40,11,2,0,1,1
0,41,11,2,0,1,1
0,42,11,2,0,1,1
1,43,11,2,0,1,1
1,44,11,2,0,1,1
0,45,11,2,0,1,1
1,46,11,2,0,1,1
0,47,11,2,0,1,1
1,48,11,2,0,1,1
1,49,11,2,0,1,1
0,50,11,2,0,1,1
1,51,11,2,0,1,1
1,52,11,2,0,1,1
0,53,11,2,0,1,1
0,54,11,2,0,1,1
0,55,11,2,0,1,1
1,56,11,2,0,1,1
0,57,11,2,0,1,1
0,58,11,2,0,1,1
0,59,11,2,0,1,1
1,60,11,2,0,1,1
1,61,11,2,0,1,1
1,62,11,2,0,1,1
1,63,11,2,0,1,1
1,64,11,2,0,1,1
0,65,11,2,0,1,1
0,1,12,1,1,0,0
0,2,12,1,1,0,0
1,3,12,1,1,0,0
1,4,12,1,1,0,0
1,5,12,1,1,0,0
1,6,12,1,1,0,0
1,7,12,1,1,0,0
1,8,12,1,1,0,0
0,9,12,1,1,0,0
1,10,12,1,1,0,0
1,11,12,1,1,0,0
0,12,12,1,1,0,0
0,13,12,1,1,0,0
0,14,12,1,1,0,0
1,15,12,1,1,0,0
0,16,12,1,1,0,0
0,17,12,1,1,0,0
1,18,12,1,1,0,0
0,19,12,1,1,0,0
0,20,12,1,1,0,0
1,21,12,1,1,0,0
0,22,12,1,1,0,0
0,23,12,1,1,0,0
1,24,12,1,1,0,0
1,25,12,1,1,0,0
1,26,12,1,1,0,0
0,27,12,1,1,0,0
1,28,12,1,1,0,0
0,29,12,1,1,0,0
0,30,12,1,1,0,0
1,31,12,1,1,0,0
0,32,12,1,1,0,0
0,33,12,1,1,0,0
1,34,12,1,1,0,0
0,35,12,1,1,0,0
1,36,12,1,1,0,0
1,37,12,1,1,0,0
1,38,12,1,1,0,0
1,39,12,1,1,0,0
1,40,12,1,1,0,0
1,41,12,1,1,0,0
1,42,12,1,1,0,0
1,43,12,1,1,0,0
0,44,12,1,1,0,0
1,45,12,1,1,0,0
1,46,12,1,1,0,0
1,47,12,1,1,0,0
1,48,12,1,1,0,0
1,49,12,1,1,0,0
0,50,12,1,1,0,0
0,51,12,1,1,0,0
1,52,12,1,1,0,0
1,53,12,1,1,0,0
1,54,12,1,1,0,0
0,55,12,1,1,0,0
1,56,12,1,1,0,0
0,57,12,1,1,0,0
1,58,12,1,1,0,0
1,59,12,1,1,0,0
1,60,12,1,1,0,0
0,61,12,1,1,0,0
1,62,12,1,1,0,0
0,63,12,1,1,0,0
1,64,12,1,1,0,0
0,65,12,1,1,0,0
0,1,12,2,0,1,1
0,2,12,2,0,1,1
0,3,12,2,0,1,1
0,4,12,2,0,1,1
0,5,12,2,0,1,1
0,6,12,2,0,1,1
0,7,12,2,0,1,1
0,8,12,2,0,1,1
0,9,12,2,0,1,1
0,10,12,2,0,1,1
0,11,12,2,0,1,1
0,12,12,2,0,1,1
1,13,12,2,0,1,1
1,14,12,2,0,1,1
0,15,12,2,0,1,1
1,16,12,2,0,1,1
1,17,12,2,0,1,1
0,18,12,2,0,1,1
0,19,12,2,0,1,1
0,20,12,2,0,1,1
0,21,12,2,0,1,1
1,22,12,2,0,1,1
0,23,12,2,0,1,1
0,24,12,2,0,1,1
1,25,12,2,0,1,1
0,26,12,2,0,1,1
0,27,12,2,0,1,1
1,28,12,2,0,1,1
0,29,12,2,0,1,1
0,30,12,2,0,1,1
0,31,12,2,0,1,1
0,32,12,2,0,1,1
0,33,12,2,0,1,1
0,34,12,2,0,1,1
0,35,12,2,0,1,1
0,36,12,2,0,1,1
0,37,12,2,0,1,1
0,38,12,2,0,1,1
0,39,12,2,0,1,1
1,40,12,2,0,1,1
0,41,12,2,0,1,1
0,42,12,2,0,1,1
1,43,12,2,0,1,1
0,44,12,2,0,1,1
1,45,12,2,0,1,1
0,46,12,2,0,1,1
0,47,12,2,0,1,1
0,48,12,2,0,1,1
0,49,12,2,0,1,1
0,50,12,2,0,1,1
0,51,12,2,0,1,1
0,52,12,2,0,1,1
1,53,12,2,0,1,1
0,54,12,2,0,1,1
1,55,12,2,0,1,1
0,56,12,2,0,1,1
0,57,12,2,0,1,1
1,58,12,2,0,1,1
0,59,12,2,0,1,1
0,60,12,2,0,1,1
0,61,12,2,0,1,1
0,62,12,2,0,1,1
0,63,12,2,0,1,1
1,64,12,2,0,1,1
0,65,12,2,0,1,1
0,1,13,1,1,0,0
0,2,13,1,1,0,0
0,3,13,1,1,0,0
0,4,13,1,1,0,0
0,5,13,1,1,0,0
0,6,13,1,1,0,0
0,7,13,1,1,0,0
1,8,13,1,1,0,0
0,9,13,1,1,0,0
0,10,13,1,1,0,0
1,11,13,1,1,0,0
1,12,13,1,1,0,0
0,13,13,1,1,0,0
0,14,13,1,1,0,0
0,15,13,1,1,0,0
1,16,13,1,1,0,0
1,17,13,1,1,0,0
0,18,13,1,1,0,0
0,19,13,1,1,0,0
0,20,13,1,1,0,0
0,21,13,1,1,0,0
0,22,13,1,1,0,0
0,23,13,1,1,0,0
0,24,13,1,1,0,0
0,25,13,1,1,0,0
1,26,13,1,1,0,0
0,27,13,1,1,0,0
1,28,13,1,1,0,0
1,29,13,1,1,0,0
0,30,13,1,1,0,0
0,31,13,1,1,0,0
1,32,13,1,1,0,0
0,33,13,1,1,0,0
1,34,13,1,1,0,0
0,35,13,1,1,0,0
0,36,13,1,1,0,0
0,37,13,1,1,0,0
0,38,13,1,1,0,0
0,39,13,1,1,0,0
0,40,13,1,1,0,0
0,41,13,1,1,0,0
0,42,13,1,1,0,0
0,43,13,1,1,0,0
1,44,13,1,1,0,0
0,45,13,1,1,0,0
1,46,13,1,1,0,0
0,47,13,1,1,0,0
0,48,13,1,1,0,0
0,49,13,1,1,0,0
0,50,13,1,1,0,0
0,51,13,1,1,0,0
0,52,13,1,1,0,0
1,53,13,1,1,0,0
0,54,13,1,1,0,0
0,55,13,1,1,0,0
0,56,13,1,1,0,0
1,57,13,1,1,0,0
0,58,13,1,1,0,0
1,59,13,1,1,0,0
0,60,13,1,1,0,0
1,61,13,1,1,0,0
0,62,13,1,1,0,0
1,63,13,1,1,0,0
1,64,13,1,1,0,0
1,65,13,1,1,0,0
1,1,13,2,0,1,1
0,2,13,2,0,1,1
1,3,13,2,0,1,1
1,4,13,2,0,1,1
0,5,13,2,0,1,1
1,6,13,2,0,1,1
0,7,13,2,0,1,1
1,8,13,2,0,1,1
0,9,13,2,0,1,1
0,10,13,2,0,1,1
0,11,13,2,0,1,1
1,12,13,2,0,1,1
0,13,13,2,0,1,1
0,14,13,2,0,1,1
1,15,13,2,0,1,1
1,16,13,2,0,1,1
0,17,13,2,0,1,1
0,18,13,2,0,1,1
0,19,13,2,0,1,1
0,20,13,2,0,1,1
0,21,13,2,0,1,1
0,22,13,2,0,1,1
1,23,13,2,0,1,1
0,24,13,2,0,1,1
0,25,13,2,0,1,1
0,26,13,2,0,1,1
0,27,13,2,0,1,1
0,28,13,2,0,1,1
0,29,13,2,0,1,1
0,30,13,2,0,1,1
1,31,13,2,0,1,1
0,32,13,2,0,1,1
0,33,13,2,0,1,1
0,34,13,2,0,1,1
1,35,13,2,0,1,1
0,36,13,2,0,1,1
0,37,13,2,0,1,1
1,38,13,2,0,1,1
0,39,13,2,0,1,1
0,40,13,2,0,1,1
0,41,13,2,0,1,1
0,42,13,2,0,1,1
1,43,13,2,0,1,1
0,44,13,2,0,1,1
0,45,13,2,0,1,1
0,46,13,2,0,1,1
0,47,13,2,0,1,1
0,48,13,2,0,1,1
0,49,13,2,0,1,1
1,50,13,2,0,1,1
0,51,13,2,0,1,1
1,52,13,2,0,1,1
0,53,13,2,0,1,1
0,54,13,2,0,1,1
1,55,13,2,0,1,1
1,56,13,2,0,1,1
0,57,13,2,0,1,1
0,58,13,2,0,1,1
0,59,13,2,0,1,1
1,60,13,2,0,1,1
0,61,13,2,0,1,1
0,62,13,2,0,1,1
1,63,13,2,0,1,1
0,64,13,2,0,1,1
0,65,13,2,0,1,1
0,1,14,1,1,0,0
0,2,14,1,1,0,0
1,3,14,1,1,0,0
0,4,14,1,1,0,0
0,5,14,1,1,0,0
1,6,14,1,1,0,0
0,7,14,1,1,0,0
0,8,14,1,1,0,0
0,9,14,1,1,0,0
1,10,14,1,1,0,0
1,11,14,1,1,0,0
0,12,14,1,1,0,0
0,13,14,1,1,0,0
0,14,14,1,1,0,0
0,15,14,1,1,0,0
0,16,14,1,1,0,0
0,17,14,1,1,0,0
0,18,14,1,1,0,0
0,19,14,1,1,0,0
0,20,14,1,1,0,0
0,21,14,1,1,0,0
0,22,14,1,1,0,0
0,23,14,1,1,0,0
0,24,14,1,1,0,0
0,25,14,1,1,0,0
1,26,14,1,1,0,0
0,27,14,1,1,0,0
0,28,14,1,1,0,0
0,29,14,1,1,0,0
0,30,14,1,1,0,0
0,31,14,1,1,0,0
0,32,14,1,1,0,0
0,33,14,1,1,0,0
1,34,14,1,1,0,0
0,35,14,1,1,0,0
0,36,14,1,1,0,0
0,37,14,1,1,0,0
0,38,14,1,1,0,0
0,39,14,1,1,0,0
0,40,14,1,1,0,0
0,41,14,1,1,0,0
0,42,14,1,1,0,0
1,43,14,1,1,0,0
0,44,14,1,1,0,0
0,45,14,1,1,0,0
0,46,14,1,1,0,0
0,47,14,1,1,0,0
0,48,14,1,1,0,0
1,49,14,1,1,0,0
0,50,14,1,1,0,0
0,51,14,1,1,0,0
0,52,14,1,1,0,0
0,53,14,1,1,0,0
0,54,14,1,1,0,0
0,55,14,1,1,0,0
0,56,14,1,1,0,0
0,57,14,1,1,0,0
0,58,14,1,1,0,0
0,59,14,1,1,0,0
0,60,14,1,1,0,0
0,61,14,1,1,0,0
0,62,14,1,1,0,0
1,63,14,1,1,0,0
0,64,14,1,1,0,0
1,65,14,1,1,0,0
0,1,14,2,0,1,1
0,2,14,2,0,1,1
0,3,14,2,0,1,1
1,4,14,2,0,1,1
0,5,14,2,0,1,1
0,6,14,2,0,1,1
0,7,14,2,0,1,1
1,8,14,2,0,1,1
1,9,14,2,0,1,1
0,10,14,2,0,1,1
0,11,14,2,0,1,1
0,12,14,2,0,1,1
0,13,14,2,0,1,1
0,14,14,2,0,1,1
0,15,14,2,0,1,1
0,16,14,2,0,1,1
0,17,14,2,0,1,1
1,18,14,2,0,1,1
0,19,14,2,0,1,1
1,20,14,2,0,1,1
1,21,14,2,0,1,1
0,22,14,2,0,1,1
0,23,14,2,0,1,1
0,24,14,2,0,1,1
0,25,14,2,0,1,1
0,26,14,2,0,1,1
1,27,14,2,0,1,1
0,28,14,2,0,1,1
0,29,14,2,0,1,1
0,30,14,2,0,1,1
0,31,14,2,0,1,1
0,32,14,2,0,1,1
0,33,14,2,0,1,1
1,34,14,2,0,1,1
0,35,14,2,0,1,1
0,36,14,2,0,1,1
0,37,14,2,0,1,1
0,38,14,2,0,1,1
0,39,14,2,0,1,1
0,40,14,2,0,1,1
1,41,14,2,0,1,1
0,42,14,2,0,1,1
0,43,14,2,0,1,1
0,44,14,2,0,1,1
0,45,14,2,0,1,1
0,46,14,2,0,1,1
0,47,14,2,0,1,1
0,48,14,2,0,1,1
0,49,14,2,0,1,1
0,50,14,2,0,1,1
1,51,14,2,0,1,1
0,52,14,2,0,1,1
0,53,14,2,0,1,1
0,54,14,2,0,1,1
1,55,14,2,0,1,1
1,56,14,2,0,1,1
0,57,14,2,0,1,1
0,58,14,2,0,1,1
0,59,14,2,0,1,1
0,60,14,2,0,1,1
1,61,14,2,0,1,1
1,62,14,2,0,1,1
0,63,14,2,0,1,1
0,64,14,2,0,1,1
0,65,14,2,0,1,1
1,1,15,1,1,0,0
1,2,15,1,1,0,0
0,3,15,1,1,0,0
0,4,15,1,1,0,0
1,5,15,1,1,0,0
1,6,15,1,1,0,0
0,7,15,1,1,0,0
1,8,15,1,1,0,0
1,9,15,1,1,0,0
0,10,15,1,1,0,0
0,11,15,1,1,0,0
0,12,15,1,1,0,0
1,13,15,1,1,0,0
0,14,15,1,1,0,0
0,15,15,1,1,0,0
0,16,15,1,1,0,0
1,17,15,1,1,0,0
1,18,15,1,1,0,0
1,19,15,1,1,0,0
1,20,15,1,1,0,0
1,21,15,1,1,0,0
1,22,15,1,1,0,0
0,23,15,1,1,0,0
0,24,15,1,1,0,0
1,25,15,1,1,0,0
0,26,15,1,1,0,0
1,27,15,1,1,0,0
1,28,15,1,1,0,0
1,29,15,1,1,0,0
1,30,15,1,1,0,0
1,31,15,1,1,0,0
1,32,15,1,1,0,0
1,33,15,1,1,0,0
0,34,15,1,1,0,0
1,35,15,1,1,0,0
1,36,15,1,1,0,0
1,37,15,1,1,0,0
0,38,15,1,1,0,0
1,39,15,1,1,0,0
0,40,15,1,1,0,0
1,41,15,1,1,0,0
1,42,15,1,1,0,0
1,43,15,1,1,0,0
1,44,15,1,1,0,0
0,45,15,1,1,0,0
0,46,15,1,1,0,0
0,47,15,1,1,0,0
1,48,15,1,1,0,0
1,49,15,1,1,0,0
0,50,15,1,1,0,0
0,51,15,1,1,0,0
1,52,15,1,1,0,0
0,53,15,1,1,0,0
1,54,15,1,1,0,0
1,55,15,1,1,0,0
1,56,15,1,1,0,0
1,57,15,1,1,0,0
1,58,15,1,1,0,0
1,59,15,1,1,0,0
1,60,15,1,1,0,0
1,61,15,1,1,0,0
1,62,15,1,1,0,0
1,63,15,1,1,0,0
1,64,15,1,1,0,0
0,65,15,1,1,0,0
0,1,15,2,0,1,1
0,2,15,2,0,1,1
0,3,15,2,0,1,1
0,4,15,2,0,1,1
1,5,15,2,0,1,1
0,6,15,2,0,1,1
1,7,15,2,0,1,1
0,8,15,2,0,1,1
0,9,15,2,0,1,1
0,10,15,2,0,1,1
0,11,15,2,0,1,1
0,12,15,2,0,1,1
0,13,15,2,0,1,1
0,14,15,2,0,1,1
0,15,15,2,0,1,1
0,16,15,2,0,1,1
0,17,15,2,0,1,1
0,18,15,2,0,1,1
1,19,15,2,0,1,1
1,20,15,2,0,1,1
1,21,15,2,0,1,1
0,22,15,2,0,1,1
1,23,15,2,0,1,1
0,24,15,2,0,1,1
1,25,15,2,0,1,1
0,26,15,2,0,1,1
0,27,15,2,0,1,1
0,28,15,2,0,1,1
0,29,15,2,0,1,1
0,30,15,2,0,1,1
0,31,15,2,0,1,1
0,32,15,2,0,1,1
0,33,15,2,0,1,1
0,34,15,2,0,1,1
0,35,15,2,0,1,1
0,36,15,2,0,1,1
0,37,15,2,0,1,1
1,38,15,2,0,1,1
0,39,15,2,0,1,1
0,40,15,2,0,1,1
0,41,15,2,0,1,1
0,42,15,2,0,1,1
0,43,15,2,0,1,1
0,44,15,2,0,1,1
1,45,15,2,0,1,1
0,46,15,2,0,1,1
0,47,15,2,0,1,1
0,48,15,2,0,1,1
0,49,15,2,0,1,1
0,50,15,2,0,1,1
1,51,15,2,0,1,1
1,52,15,2,0,1,1
0,53,15,2,0,1,1
0,54,15,2,0,1,1
1,55,15,2,0,1,1
0,56,15,2,0,1,1
1,57,15,2,0,1,1
0,58,15,2,0,1,1
0,59,15,2,0,1,1
0,60,15,2,0,1,1
1,61,15,2,0,1,1
0,62,15,2,0,1,1
0,63,15,2,0,1,1
0,64,15,2,0,1,1
0,65,15,2,0,1,1
1,1,16,1,1,0,0
1,2,16,1,1,0,0
1,3,16,1,1,0,0
1,4,16,1,1,0,0
0,5,16,1,1,0,0
1,6,16,1,1,0,0
0,7,16,1,1,0,0
0,8,16,1,1,0,0
1,9,16,1,1,0,0
1,10,16,1,1,0,0
1,11,16,1,1,0,0
1,12,16,1,1,0,0
0,13,16,1,1,0,0
1,14,16,1,1,0,0
1,15,16,1,1,0,0
0,16,16,1,1,0,0
0,17,16,1,1,0,0
1,18,16,1,1,0,0
0,19,16,1,1,0,0
1,20,16,1,1,0,0
0,21,16,1,1,0,0
0,22,16,1,1,0,0
0,23,16,1,1,0,0
0,24,16,1,1,0,0
1,25,16,1,1,0,0
1,26,16,1,1,0,0
1,27,16,1,1,0,0
1,28,16,1,1,0,0
0,29,16,1,1,0,0
0,30,16,1,1,0,0
0,31,16,1,1,0,0
1,32,16,1,1,0,0
1,33,16,1,1,0,0
0,34,16,1,1,0,0
1,35,16,1,1,0,0
0,36,16,1,1,0,0
0,37,16,1,1,0,0
1,38,16,1,1,0,0
0,39,16,1,1,0,0
1,40,16,1,1,0,0
1,41,16,1,1,0,0
1,42,16,1,1,0,0
1,43,16,1,1,0,0
1,44,16,1,1,0,0
1,45,16,1,1,0,0
1,46,16,1,1,0,0
0,47,16,1,1,0,0
1,48,16,1,1,0,0
1,49,16,1,1,0,0
1,50,16,1,1,0,0
1,51,16,1,1,0,0
1,52,16,1,1,0,0
1,53,16,1,1,0,0
0,54,16,1,1,0,0
1,55,16,1,1,0,0
0,56,16,1,1,0,0
0,57,16,1,1,0,0
1,58,16,1,1,0,0
0,59,16,1,1,0,0
0,60,16,1,1,0,0
0,61,16,1,1,0,0
0,62,16,1,1,0,0
0,63,16,1,1,0,0
0,64,16,1,1,0,0
0,65,16,1,1,0,0
0,1,16,2,0,1,1
0,2,16,2,0,1,1
0,3,16,2,0,1,1
0,4,16,2,0,1,1
0,5,16,2,0,1,1
0,6,16,2,0,1,1
1,7,16,2,0,1,1
0,8,16,2,0,1,1
0,9,16,2,0,1,1
0,10,16,2,0,1,1
0,11,16,2,0,1,1
0,12,16,2,0,1,1
0,13,16,2,0,1,1
0,14,16,2,0,1,1
0,15,16,2,0,1,1
0,16,16,2,0,1,1
0,17,16,2,0,1,1
0,18,16,2,0,1,1
0,19,16,2,0,1,1
0,20,16,2,0,1,1
0,21,16,2,0,1,1
0,22,16,2,0,1,1
0,23,16,2,0,1,1
0,24,16,2,0,1,1
0,25,16,2,0,1,1
0,26,16,2,0,1,1
1,27,16,2,0,1,1
0,28,16,2,0,1,1
1,29,16,2,0,1,1
0,30,16,2,0,1,1
1,31,16,2,0,1,1
0,32,16,2,0,1,1
0,33,16,2,0,1,1
1,34,16,2,0,1,1
0,35,16,2,0,1,1
0,36,16,2,0,1,1
0,37,16,2,0,1,1
0,38,16,2,0,1,1
0,39,16,2,0,1,1
0,40,16,2,0,1,1
0,41,16,2,0,1,1
0,42,16,2,0,1,1
0,43,16,2,0,1,1
0,44,16,2,0,1,1
0,45,16,2,0,1,1
1,46,16,2,0,1,1
0,47,16,2,0,1,1
0,48,16,2,0,1,1
0,49,16,2,0,1,1
0,50,16,2,0,1,1
0,51,16,2,0,1,1
0,52,16,2,0,1,1
1,53,16,2,0,1,1
0,54,16,2,0,1,1
0,55,16,2,0,1,1
0,56,16,2,0,1,1
0,57,16,2,0,1,1
0,58,16,2,0,1,1
0,59,16,2,0,1,1
0,60,16,2,0,1,1
0,61,16,2,0,1,1
0,62,16,2,0,1,1
0,63,16,2,0,1,1
0,64,16,2,0,1,1
0,65,16,2,0,1,1
0,1,17,1,1,0,0
1,2,17,1,1,0,0
1,3,17,1,1,0,0
1,4,17,1,1,0,0
0,5,17,1,1,0,0
1,6,17,1,1,0,0
1,7,17,1,1,0,0
1,8,17,1,1,0,0
0,9,17,1,1,0,0
1,10,17,1,1,0,0
1,11,17,1,1,0,0
0,12,17,1,1,0,0
1,13,17,1,1,0,0
1,14,17,1,1,0,0
0,15,17,1,1,0,0
0,16,17,1,1,0,0
1,17,17,1,1,0,0
0,18,17,1,1,0,0
0,19,17,1,1,0,0
0,20,17,1,1,0,0
0,21,17,1,1,0,0
0,22,17,1,1,0,0
1,23,17,1,1,0,0
0,24,17,1,1,0,0
1,25,17,1,1,0,0
1,26,17,1,1,0,0
0,27,17,1,1,0,0
1,28,17,1,1,0,0
0,29,17,1,1,0,0
1,30,17,1,1,0,0
1,31,17,1,1,0,0
1,32,17,1,1,0,0
1,33,17,1,1,0,0
1,34,17,1,1,0,0
0,35,17,1,1,0,0
1,36,17,1,1,0,0
1,37,17,1,1,0,0
1,38,17,1,1,0,0
1,39,17,1,1,0,0
0,40,17,1,1,0,0
1,41,17,1,1,0,0
0,42,17,1,1,0,0
1,43,17,1,1,0,0
0,44,17,1,1,0,0
1,45,17,1,1,0,0
1,46,17,1,1,0,0
1,47,17,1,1,0,0
0,48,17,1,1,0,0
1,49,17,1,1,0,0
0,50,17,1,1,0,0
1,51,17,1,1,0,0
1,52,17,1,1,0,0
1,53,17,1,1,0,0
1,54,17,1,1,0,0
1,55,17,1,1,0,0
1,56,17,1,1,0,0
0,57,17,1,1,0,0
1,58,17,1,1,0,0
0,59,17,1,1,0,0
0,60,17,1,1,0,0
1,61,17,1,1,0,0
1,62,17,1,1,0,0
1,63,17,1,1,0,0
1,64,17,1,1,0,0
1,65,17,1,1,0,0
1,1,17,2,0,1,1
1,2,17,2,0,1,1
1,3,17,2,0,1,1
0,4,17,2,0,1,1
0,5,17,2,0,1,1
0,6,17,2,0,1,1
0,7,17,2,0,1,1
0,8,17,2,0,1,1
0,9,17,2,0,1,1
0,10,17,2,0,1,1
0,11,17,2,0,1,1
1,12,17,2,0,1,1
1,13,17,2,0,1,1
0,14,17,2,0,1,1
1,15,17,2,0,1,1
0,16,17,2,0,1,1
0,17,17,2,0,1,1
1,18,17,2,0,1,1
1,19,17,2,0,1,1
0,20,17,2,0,1,1
1,21,17,2,0,1,1
1,22,17,2,0,1,1
0,23,17,2,0,1,1
1,24,17,2,0,1,1
0,25,17,2,0,1,1
1,26,17,2,0,1,1
1,27,17,2,0,1,1
0,28,17,2,0,1,1
1,29,17,2,0,1,1
0,30,17,2,0,1,1
1,31,17,2,0,1,1
1,32,17,2,0,1,1
0,33,17,2,0,1,1
1,34,17,2,0,1,1
1,35,17,2,0,1,1
1,36,17,2,0,1,1
0,37,17,2,0,1,1
0,38,17,2,0,1,1
0,39,17,2,0,1,1
1,40,17,2,0,1,1
1,41,17,2,0,1,1
1,42,17,2,0,1,1
0,43,17,2,0,1,1
1,44,17,2,0,1,1
1,45,17,2,0,1,1
1,46,17,2,0,1,1
1,47,17,2,0,1,1
1,48,17,2,0,1,1
1,49,17,2,0,1,1
1,50,17,2,0,1,1
0,51,17,2,0,1,1
1,52,17,2,0,1,1
1,53,17,2,0,1,1
0,54,17,2,0,1,1
1,55,17,2,0,1,1
0,56,17,2,0,1,1
1,57,17,2,0,1,1
0,58,17,2,0,1,1
1,59,17,2,0,1,1
1,60,17,2,0,1,1
0,61,17,2,0,1,1
1,62,17,2,0,1,1
1,63,17,2,0,1,1
0,64,17,2,0,1,1
0,65,17,2,0,1,1
0,1,18,1,1,0,0
0,2,18,1,1,0,0
0,3,18,1,1,0,0
0,4,18,1,1,0,0
0,5,18,1,1,0,0
1,6,18,1,1,0,0
0,7,18,1,1,0,0
0,8,18,1,1,0,0
1,9,18,1,1,0,0
0,10,18,1,1,0,0
0,11,18,1,1,0,0
0,12,18,1,1,0,0
0,13,18,1,1,0,0
0,14,18,1,1,0,0
1,15,18,1,1,0,0
1,16,18,1,1,0,0
0,17,18,1,1,0,0
0,18,18,1,1,0,0
0,19,18,1,1,0,0
0,20,18,1,1,0,0
1,21,18,1,1,0,0
0,22,18,1,1,0,0
0,23,18,1,1,0,0
0,24,18,1,1,0,0
1,25,18,1,1,0,0
0,26,18,1,1,0,0
0,27,18,1,1,0,0
0,28,18,1,1,0,0
0,29,18,1,1,0,0
0,30,18,1,1,0,0
1,31,18,1,1,0,0
0,32,18,1,1,0,0
0,33,18,1,1,0,0
1,34,18,1,1,0,0
0,35,18,1,1,0,0
0,36,18,1,1,0,0
0,37,18,1,1,0,0
0,38,18,1,1,0,0
0,39,18,1,1,0,0
0,40,18,1,1,0,0
0,41,18,1,1,0,0
0,42,18,1,1,0,0
0,43,18,1,1,0,0
0,44,18,1,1,0,0
0,45,18,1,1,0,0
0,46,18,1,1,0,0
0,47,18,1,1,0,0
0,48,18,1,1,0,0
0,49,18,1,1,0,0
0,50,18,1,1,0,0
0,51,18,1,1,0,0
0,52,18,1,1,0,0
1,53,18,1,1,0,0
0,54,18,1,1,0,0
0,55,18,1,1,0,0
1,56,18,1,1,0,0
1,57,18,1,1,0,0
1,58,18,1,1,0,0
0,59,18,1,1,0,0
0,60,18,1,1,0,0
0,61,18,1,1,0,0
0,62,18,1,1,0,0
0,63,18,1,1,0,0
1,64,18,1,1,0,0
0,65,18,1,1,0,0
0,1,18,2,0,1,1
1,2,18,2,0,1,1
0,3,18,2,0,1,1
0,4,18,2,0,1,1
0,5,18,2,0,1,1
0,6,18,2,0,1,1
0,7,18,2,0,1,1
0,8,18,2,0,1,1
0,9,18,2,0,1,1
0,10,18,2,0,1,1
0,11,18,2,0,1,1
0,12,18,2,0,1,1
0,13,18,2,0,1,1
0,14,18,2,0,1,1
0,15,18,2,0,1,1
0,16,18,2,0,1,1
0,17,18,2,0,1,1
0,18,18,2,0,1,1
0,19,18,2,0,1,1
1,20,18,2,0,1,1
0,21,18,2,0,1,1
1,22,18,2,0,1,1
0,23,18,2,0,1,1
0,24,18,2,0,1,1
0,25,18,2,0,1,1
0,26,18,2,0,1,1
1,27,18,2,0,1,1
0,28,18,2,0,1,1
0,29,18,2,0,1,1
0,30,18,2,0,1,1
0,31,18,2,0,1,1
0,32,18,2,0,1,1
1,33,18,2,0,1,1
1,34,18,2,0,1,1
0,35,18,2,0,1,1
0,36,18,2,0,1,1
0,37,18,2,0,1,1
0,38,18,2,0,1,1
0,39,18,2,0,1,1
1,40,18,2,0,1,1
0,41,18,2,0,1,1
0,42,18,2,0,1,1
1,43,18,2,0,1,1
0,44,18,2,0,1,1
0,45,18,2,0,1,1
0,46,18,2,0,1,1
1,47,18,2,0,1,1
0,48,18,2,0,1,1
0,49,18,2,0,1,1
0,50,18,2,0,1,1
1,51,18,2,0,1,1
0,52,18,2,0,1,1
0,53,18,2,0,1,1
0,54,18,2,0,1,1
0,55,18,2,0,1,1
0,56,18,2,0,1,1
0,57,18,2,0,1,1
0,58,18,2,0,1,1
0,59,18,2,0,1,1
0,60,18,2,0,1,1
1,61,18,2,0,1,1
0,62,18,2,0,1,1
0,63,18,2,0,1,1
0,64,18,2,0,1,1
0,65,18,2,0,1,1
1,1,19,1,1,0,0
0,2,19,1,1,0,0
1,3,19,1,1,0,0
0,4,19,1,1,0,0
1,5,19,1,1,0,0
1,6,19,1,1,0,0
1,7,19,1,1,0,0
0,8,19,1,1,0,0
1,9,19,1,1,0,0
1,10,19,1,1,0,0
1,11,19,1,1,0,0
0,12,19,1,1,0,0
1,13,19,1,1,0,0
1,14,19,1,1,0,0
1,15,19,1,1,0,0
1,16,19,1,1,0,0
0,17,19,1,1,0,0
1,18,19,1,1,0,0
1,19,19,1,1,0,0
1,20,19,1,1,0,0
1,21,19,1,1,0,0
1,22,19,1,1,0,0
1,23,19,1,1,0,0
1,24,19,1,1,0,0
0,25,19,1,1,0,0
1,26,19,1,1,0,0
1,27,19,1,1,0,0
1,28,19,1,1,0,0
0,29,19,1,1,0,0
0,30,19,1,1,0,0
0,31,19,1,1,0,0
0,32,19,1,1,0,0
0,33,19,1,1,0,0
1,34,19,1,1,0,0
1,35,19,1,1,0,0
1,36,19,1,1,0,0
1,37,19,1,1,0,0
0,38,19,1,1,0,0
0,39,19,1,1,0,0
0,40,19,1,1,0,0
1,41,19,1,1,0,0
0,42,19,1,1,0,0
0,43,19,1,1,0,0
1,44,19,1,1,0,0
1,45,19,1,1,0,0
1,46,19,1,1,0,0
1,47,19,1,1,0,0
1,48,19,1,1,0,0
1,49,19,1,1,0,0
1,50,19,1,1,0,0
0,51,19,1,1,0,0
1,52,19,1,1,0,0
1,53,19,1,1,0,0
0,54,19,1,1,0,0
0,55,19,1,1,0,0
1,56,19,1,1,0,0
1,57,19,1,1,0,0
0,58,19,1,1,0,0
1,59,19,1,1,0,0
0,60,19,1,1,0,0
1,61,19,1,1,0,0
0,62,19,1,1,0,0
1,63,19,1,1,0,0
1,64,19,1,1,0,0
1,65,19,1,1,0,0
0,1,19,2,0,1,1
0,2,19,2,0,1,1
0,3,19,2,0,1,1
0,4,19,2,0,1,1
0,5,19,2,0,1,1
1,6,19,2,0,1,1
0,7,19,2,0,1,1
1,8,19,2,0,1,1
0,9,19,2,0,1,1
0,10,19,2,0,1,1
0,11,19,2,0,1,1
0,12,19,2,0,1,1
0,13,19,2,0,1,1
0,14,19,2,0,1,1
1,15,19,2,0,1,1
0,16,19,2,0,1,1
0,17,19,2,0,1,1
0,18,19,2,0,1,1
0,19,19,2,0,1,1
1,20,19,2,0,1,1
0,21,19,2,0,1,1
1,22,19,2,0,1,1
0,23,19,2,0,1,1
0,24,19,2,0,1,1
0,25,19,2,0,1,1
0,26,19,2,0,1,1
0,27,19,2,0,1,1
0,28,19,2,0,1,1
0,29,19,2,0,1,1
0,30,19,2,0,1,1
0,31,19,2,0,1,1
1,32,19,2,0,1,1
1,33,19,2,0,1,1
1,34,19,2,0,1,1
0,35,19,2,0,1,1
0,36,19,2,0,1,1
0,37,19,2,0,1,1
1,38,19,2,0,1,1
1,39,19,2,0,1,1
0,40,19,2,0,1,1
0,41,19,2,0,1,1
0,42,19,2,0,1,1
0,43,19,2,0,1,1
1,44,19,2,0,1,1
1,45,19,2,0,1,1
0,46,19,2,0,1,1
0,47,19,2,0,1,1
0,48,19,2,0,1,1
1,49,19,2,0,1,1
1,50,19,2,0,1,1
0,51,19,2,0,1,1
0,52,19,2,0,1,1
0,53,19,2,0,1,1
0,54,19,2,0,1,1
1,55,19,2,0,1,1
0,56,19,2,0,1,1
0,57,19,2,0,1,1
1,58,19,2,0,1,1
0,59,19,2,0,1,1
0,60,19,2,0,1,1
1,61,19,2,0,1,1
1,62,19,2,0,1,1
0,63,19,2,0,1,1
0,64,19,2,0,1,1
0,65,19,2,0,1,1
1,1,20,1,1,0,0
1,2,20,1,1,0,0
1,3,20,1,1,0,0
1,4,20,1,1,0,0
1,5,20,1,1,0,0
1,6,20,1,1,0,0
0,7,20,1,1,0,0
1,8,20,1,1,0,0
0,9,20,1,1,0,0
0,10,20,1,1,0,0
1,11,20,1,1,0,0
1,12,20,1,1,0,0
1,13,20,1,1,0,0
1,14,20,1,1,0,0
0,15,20,1,1,0,0
0,16,20,1,1,0,0
0,17,20,1,1,0,0
1,18,20,1,1,0,0
0,19,20,1,1,0,0
0,20,20,1,1,0,0
1,21,20,1,1,0,0
0,22,20,1,1,0,0
0,23,20,1,1,0,0
1,24,20,1,1,0,0
1,25,20,1,1,0,0
0,26,20,1,1,0,0
0,27,20,1,1,0,0
1,28,20,1,1,0,0
0,29,20,1,1,0,0
1,30,20,1,1,0,0
1,31,20,1,1,0,0
1,32,20,1,1,0,0
0,33,20,1,1,0,0
1,34,20,1,1,0,0
1,35,20,1,1,0,0
1,36,20,1,1,0,0
1,37,20,1,1,0,0
1,38,20,1,1,0,0
1,39,20,1,1,0,0
1,40,20,1,1,0,0
1,41,20,1,1,0,0
1,42,20,1,1,0,0
1,43,20,1,1,0,0
0,44,20,1,1,0,0
1,45,20,1,1,0,0
1,46,20,1,1,0,0
0,47,20,1,1,0,0
1,48,20,1,1,0,0
1,49,20,1,1,0,0
1,50,20,1,1,0,0
0,51,20,1,1,0,0
0,52,20,1,1,0,0
1,53,20,1,1,0,0
1,54,20,1,1,0,0
0,55,20,1,1,0,0
0,56,20,1,1,0,0
0,57,20,1,1,0,0
0,58,20,1,1,0,0
1,59,20,1,1,0,0
0,60,20,1,1,0,0
0,61,20,1,1,0,0
1,62,20,1,1,0,0
1,63,20,1,1,0,0
1,64,20,1,1,0,0
1,65,20,1,1,0,0
0,1,20,2,0,1,1
1,2,20,2,0,1,1
1,3,20,2,0,1,1
0,4,20,2,0,1,1
0,5,20,2,0,1,1
1,6,20,2,0,1,1
0,7,20,2,0,1,1
0,8,20,2,0,1,1
1,9,20,2,0,1,1
1,10,20,2,0,1,1
0,11,20,2,0,1,1
1,12,20,2,0,1,1
0,13,20,2,0,1,1
1,14,20,2,0,1,1
1,15,20,2,0,1,1
1,16,20,2,0,1,1
1,17,20,2,0,1,1
1,18,20,2,0,1,1
1,19,20,2,0,1,1
0,20,20,2,0,1,1
0,21,20,2,0,1,1
0,22,20,2,0,1,1
0,23,20,2,0,1,1
0,24,20,2,0,1,1
1,25,20,2,0,1,1
0,26,20,2,0,1,1
0,27,20,2,0,1,1
1,28,20,2,0,1,1
1,29,20,2,0,1,1
1,30,20,2,0,1,1
0,31,20,2,0,1,1
1,32,20,2,0,1,1
0,33,20,2,0,1,1
0,34,20,2,0,1,1
0,35,20,2,0,1,1
1,36,20,2,0,1,1
0,37,20,2,0,1,1
0,38,20,2,0,1,1
1,39,20,2,0,1,1
0,40,20,2,0,1,1
1,41,20,2,0,1,1
0,42,20,2,0,1,1
1,43,20,2,0,1,1
0,44,20,2,0,1,1
0,45,20,2,0,1,1
0,46,20,2,0,1,1
1,47,20,2,0,1,1
0,48,20,2,0,1,1
0,49,20,2,0,1,1
0,50,20,2,0,1,1
1,51,20,2,0,1,1
1,52,20,2,0,1,1
0,53,20,2,0,1,1
1,54,20,2,0,1,1
0,55,20,2,0,1,1
1,56,20,2,0,1,1
0,57,20,2,0,1,1
0,58,20,2,0,1,1
1,59,20,2,0,1,1
0,60,20,2,0,1,1
1,61,20,2,0,1,1
0,62,20,2,0,1,1
0,63,20,2,0,1,1
1,64,20,2,0,1,1
0,65,20,2,0,1,1
